[
  {
    "tip": "Bautura",
    "nume": "Limonada",
    "pret": 15.0,
    "categorie": "BAUTURI_RACORITOARE",
    "vegetarian": true,
    "volum": 400,
    "alcoolic": false
  },
  {
    "tip": "Bautura",
    "nume": "Fresh Portocale",
    "pret": 12.0,
    "categorie": "BAUTURI_RACORITOARE",
    "vegetarian": true,
    "volum": 300,
    "alcoolic": false
  },
  {
    "tip": "Bautura",
    "nume": "Apa Plata",
    "pret": 8.0,
    "categorie": "BAUTURI_RACORITOARE",
    "vegetarian": true,
    "volum": 500,
    "alcoolic": false
  },
  {
    "tip": "Mancare",
    "nume": "Paste Carbonara",
    "pret": 52.5,
    "categorie": "FEL_PRINCIPAL",
    "vegetarian": false,
    "gramaj": 400
  },
  {
    "tip": "Mancare",
    "nume": "Lasagna",
    "pret": 55.0,
    "categorie": "FEL_PRINCIPAL",
    "vegetarian": false,
    "gramaj": 520
  },
  {
    "tip": "Bautura",
    "nume": "Vin rosu",
    "pret": 25.0,
    "categorie": "BAUTURI_ALCOOLICE",
    "vegetarian": false,
    "volum": 250,
    "alcoolic": true
  },
  {
    "tip": "Bautura",
    "nume": "Bere neagra",
    "pret": 14.0,
    "categorie": "BAUTURI_ALCOOLICE",
    "vegetarian": false,
    "volum": 500,
    "alcoolic": true
  },
  {
    "tip": "Bautura",
    "nume": "Whisky",
    "pret": 20.0,
    "categorie": "BAUTURI_ALCOOLICE",
    "vegetarian": false,
    "volum": 100,
    "alcoolic": true
  },
  {
    "tip": "Mancare",
    "nume": "Tiramisu",
    "pret": 28.0,
    "categorie": "DESERT",
    "vegetarian": true,
    "gramaj": 180
  },
  {
    "tip": "Mancare",
    "nume": "Panna Cotta",
    "pret": 24.0,
    "categorie": "DESERT",
    "vegetarian": true,
    "gramaj": 160
  },
  {
    "tip": "Mancare",
    "nume": "Cheesecake",
    "pret": 30.0,
    "categorie": "DESERT",
    "vegetarian": true,
    "gramaj": 200
  },
  {
    "tip": "Pizza",
    "nume": "Pizza Margherita",
    "pret": 45.0,
    "categorie": "PIZZA",
    "vegetarian": true,
    "toppinguri": [
      "mozzarella"
    ]
  },
  {
    "tip": "Pizza",
    "nume": "Pizza Diavola",
    "pret": 65.0,
    "categorie": "PIZZA",
    "vegetarian": false,
    "toppinguri": [
      "mozzarella",
      "salam picant"
    ]
  },
  {
    "tip": "Pizza",
    "nume": "Pizza Quattro Formaggi",
    "pret": 58.0,
    "categorie": "PIZZA",
    "vegetarian": true,
    "toppinguri": [
      "mozzarella",
      "gorgonzola",
      "parmezan",
      "ricotta"
    ]
  }
]